feature,delta_mae_val_perm,delta_mae_val_mean,delta_mae_test_perm,delta_mae_test_mean
detection_rate,0.45759343206083436,0.48122313450872056,1.6372908984913552,1.4019419573207594
peak_gap,0.3499659520371665,0.3923011094571436,-0.10441258374382478,-0.0856402239060019
week_sin,0.11858607744723138,0.4443183827336288,0.5195240183947556,0.7530898180874912
week_cos,0.10406501299574167,0.14420895921640664,-0.00035782166343256705,-0.09568500008812553
delta_ili,-0.05851627994159081,0.12096616729654386,0.05860496459797737,0.0666760786331917
avg_humidity,-0.09678108378965256,0.01620108576306656,0.050969501230168746,-0.046104232257699884
daily_rain,-0.20749488912383107,-0.12410203764969197,-0.00781288248969858,-0.07367657850132847
min_temp,-0.8433864685549501,-0.8784498209608156,0.2533677861014789,0.11624258724763425
max_temp,-1.8622243180671267,-2.0568872405760414,0.6447463418073189,0.7856673225362032
