year,week,ili,detection_rate,delta_ili,week_sin,week_cos,peak_gap
2017,36,5.7,2.2,0.0,-0.9350162426854147,-0.3546048870425359,
2017,37,5.8,0.0,0.09999999999999964,-0.970941817426052,-0.23931566428755774,-0.09999999999999964
2017,38,6.1,0.0,0.2999999999999998,-0.992708874098054,-0.12053668025532357,-0.2999999999999998
2017,39,4.7,2.2,-1.3999999999999995,-1.0,-1.8369701987210297e-16,1.3999999999999995
2017,40,3.5,0.0,-1.2000000000000002,-0.992708874098054,0.1205366802553232,2.5999999999999996
2017,41,4.7,0.0,1.2000000000000002,-0.9709418174260521,0.23931566428755738,1.3999999999999995
2017,42,4.0,0.0,-0.7000000000000002,-0.9350162426854148,0.35460488704253557,2.0999999999999996
2017,43,4.6,0.0,0.5999999999999996,-0.8854560256532101,0.464723172043768,1.5
2017,44,6.1,0.0,1.5,-0.822983865893657,0.5680647467311548,0.0
2017,45,6.0,0.0,-0.09999999999999964,-0.7485107481711011,0.6631226582407953,0.09999999999999964
2017,46,6.0,0.0,0.0,-0.6631226582407956,0.7485107481711007,0.09999999999999964
2017,47,7.6,6.3,1.5999999999999996,-0.5680647467311559,0.8229838658936564,-1.5
2017,48,9.2,4.2,1.5999999999999996,-0.4647231720437684,0.88545602565321,-1.5999999999999996
2017,49,17.9,12.8,8.7,-0.35460488704253595,0.9350162426854147,-8.7
2017,50,30.1,29.7,12.200000000000003,-0.2393156642875578,0.970941817426052,-12.200000000000003
2017,51,45.3,52.6,15.199999999999996,-0.12053668025532363,0.992708874098054,-15.199999999999996
2017,52,71.0,63.9,25.700000000000003,6.432490598706546e-16,1.0,-25.700000000000003
2017,53,71.0,63.9,0.0,0.12053668025532314,0.992708874098054,0.0
2018,1,81.8,65.7,10.799999999999997,0.12053668025532305,0.992708874098054,-10.799999999999997
2018,2,83.1,57.3,1.2999999999999972,0.23931566428755774,0.970941817426052,-1.2999999999999972
2018,3,65.9,63.8,-17.19999999999999,0.3546048870425356,0.9350162426854148,17.19999999999999
2018,4,46.6,48.6,-19.300000000000004,0.4647231720437685,0.8854560256532099,36.49999999999999
2018,5,39.0,62.7,-7.600000000000001,0.5680647467311558,0.8229838658936564,44.099999999999994
2018,6,32.7,42.2,-6.299999999999997,0.6631226582407952,0.7485107481711011,50.39999999999999
2018,7,32.0,53.7,-0.7000000000000028,0.7485107481711011,0.6631226582407953,51.099999999999994
2018,8,21.1,29.1,-10.899999999999999,0.8229838658936564,0.5680647467311558,61.99999999999999
2018,9,16.5,25.5,-4.600000000000001,0.8854560256532098,0.4647231720437686,66.6
2018,10,12.9,12.1,-3.5999999999999996,0.9350162426854148,0.35460488704253557,70.19999999999999
2018,11,9.7,17.0,-3.200000000000001,0.970941817426052,0.23931566428755804,56.2
2018,12,9.3,11.1,-0.3999999999999986,0.992708874098054,0.120536680255323,37.3
2018,13,8.1,8.5,-1.200000000000001,1.0,-1.6081226496766366e-16,30.9
2018,14,7.2,7.8,-0.8999999999999995,0.992708874098054,-0.12053668025532288,25.500000000000004
2018,15,8.3,2.0,1.1000000000000005,0.9709418174260521,-0.2393156642875575,23.7
2018,16,6.6,2.0,-1.700000000000001,0.9350162426854148,-0.35460488704253545,14.500000000000002
2018,17,9.5,6.3,2.9000000000000004,0.8854560256532099,-0.4647231720437685,7.0
2018,18,6.0,4.3,-3.5,0.8229838658936565,-0.5680647467311557,6.9
2018,19,6.7,2.2,0.7000000000000002,0.7485107481711013,-0.6631226582407951,2.999999999999999
2018,20,5.8,2.6,-0.9000000000000004,0.6631226582407952,-0.7485107481711012,3.7
2018,21,5.3,0.0,-0.5,0.5680647467311558,-0.8229838658936564,4.2
2018,22,5.4,6.1,0.10000000000000053,0.46472317204376906,-0.8854560256532096,4.1
2018,23,4.7,0.0,-0.7000000000000002,0.35460488704253584,-0.9350162426854147,4.8
2018,24,3.9,0.0,-0.8000000000000003,0.23931566428755768,-0.970941817426052,5.6
2018,25,5.1,0.0,1.1999999999999997,0.12053668025532308,-0.992708874098054,4.4
2018,26,4.7,0.0,-0.39999999999999947,-3.216245299353273e-16,-1.0,2.0
2018,27,4.6,0.0,-0.10000000000000053,-0.12053668025532283,-0.992708874098054,2.1000000000000005
2018,28,3.5,0.0,-1.0999999999999996,-0.23931566428755743,-0.9709418174260521,2.3
2018,29,4.3,0.0,0.7999999999999998,-0.3546048870425356,-0.9350162426854148,1.1000000000000005
2018,30,3.6,2.7,-0.6999999999999997,-0.46472317204376806,-0.8854560256532101,1.8000000000000003
2018,31,4.2,0.0,0.6000000000000001,-0.5680647467311556,-0.8229838658936565,0.8999999999999995
2018,32,2.5,0.0,-1.7000000000000002,-0.663122658240795,-0.7485107481711013,2.5999999999999996
2018,33,3.1,0.0,0.6000000000000001,-0.7485107481711011,-0.6631226582407952,1.9999999999999996
2018,34,2.7,0.0,-0.3999999999999999,-0.8229838658936564,-0.5680647467311559,2.0
2018,35,2.5,0.0,-0.20000000000000018,-0.8854560256532096,-0.4647231720437691,2.0999999999999996
2018,36,4.0,0.0,1.5,-0.9350162426854147,-0.3546048870425359,0.2999999999999998
2018,37,5.7,2.0,1.7000000000000002,-0.970941817426052,-0.23931566428755774,-1.4000000000000004
2018,38,4.9,2.2,-0.7999999999999998,-0.992708874098054,-0.12053668025532357,0.7999999999999998
2018,39,4.9,0.0,0.0,-1.0,-1.8369701987210297e-16,0.7999999999999998
2018,40,4.1,0.0,-0.8000000000000007,-0.992708874098054,0.1205366802553232,1.6000000000000005
2018,41,4.1,0.0,0.0,-0.9709418174260521,0.23931566428755738,1.6000000000000005
2018,42,3.1,0.0,-0.9999999999999996,-0.9350162426854148,0.35460488704253557,2.6
2018,43,4.6,4.5,1.4999999999999996,-0.8854560256532101,0.464723172043768,1.1000000000000005
2018,44,4.5,2.0,-0.09999999999999964,-0.822983865893657,0.5680647467311548,1.2000000000000002
2018,45,6.6,3.7,2.0999999999999996,-0.7485107481711011,0.6631226582407953,-0.8999999999999995
2018,46,9.6,9.4,3.0,-0.6631226582407956,0.7485107481711007,-3.0
2018,47,12.2,4.6,2.5999999999999996,-0.5680647467311559,0.8229838658936564,-2.5999999999999996
2018,48,20.3,31.5,8.100000000000001,-0.4647231720437684,0.88545602565321,-8.100000000000001
2018,49,37.5,23.1,17.2,-0.35460488704253595,0.9350162426854147,-17.2
2018,50,54.9,27.9,17.4,-0.2393156642875578,0.970941817426052,-17.4
2018,51,79.6,54.9,24.699999999999996,-0.12053668025532363,0.992708874098054,-24.699999999999996
2018,52,82.8,52.3,3.200000000000003,6.432490598706546e-16,1.0,-3.200000000000003
2018,53,82.8,52.3,0.0,0.12053668025532314,0.992708874098054,0.0
2019,1,65.3,55.2,-17.5,0.12053668025532305,0.992708874098054,17.5
2019,2,43.2,47.8,-22.099999999999994,0.23931566428755774,0.970941817426052,39.599999999999994
2019,3,28.3,29.8,-14.900000000000002,0.3546048870425356,0.9350162426854148,54.5
2019,4,19.0,24.5,-9.3,0.4647231720437685,0.8854560256532099,63.8
2019,5,14.8,14.0,-4.199999999999999,0.5680647467311558,0.8229838658936564,68.0
2019,6,13.8,11.1,-1.0,0.6631226582407952,0.7485107481711011,69.0
2019,7,10.3,12.2,-3.5,0.7485107481711011,0.6631226582407953,72.5
2019,8,10.6,14.9,0.29999999999999893,0.8229838658936564,0.5680647467311558,72.2
2019,9,10.0,14.6,-0.5999999999999996,0.8854560256532098,0.4647231720437686,55.3
2019,10,10.6,18.8,0.5999999999999996,0.9350162426854148,0.35460488704253557,32.6
2019,11,11.1,24.5,0.5,0.970941817426052,0.23931566428755804,17.200000000000003
2019,12,18.5,11.8,7.4,0.992708874098054,0.120536680255323,0.5
2019,13,21.7,32.8,3.1999999999999993,1.0,-1.6081226496766366e-16,-3.1999999999999993
2019,14,25.5,31.0,3.8000000000000007,0.992708874098054,-0.12053668025532288,-3.8000000000000007
2019,15,33.1,39.4,7.600000000000001,0.9709418174260521,-0.2393156642875575,-7.600000000000001
2019,16,32.6,37.5,-0.5,0.9350162426854148,-0.35460488704253545,0.5
2019,17,0.0,25.0,-32.6,0.8854560256532099,-0.4647231720437685,33.1
2019,18,19.6,18.0,19.6,0.8229838658936565,-0.5680647467311557,13.5
2019,19,13.7,12.5,-5.900000000000002,0.7485107481711013,-0.6631226582407951,19.400000000000002
2019,20,8.5,2.2,-5.199999999999999,0.6631226582407952,-0.7485107481711012,24.6
2019,21,6.4,9.1,-2.0999999999999996,0.5680647467311558,-0.8229838658936564,26.700000000000003
2019,22,4.6,4.5,-1.8000000000000007,0.46472317204376906,-0.8854560256532096,28.5
2019,23,4.3,0.0,-0.2999999999999998,0.35460488704253584,-0.9350162426854147,28.8
2019,24,4.4,2.3,0.10000000000000053,0.23931566428755768,-0.970941817426052,28.200000000000003
2019,25,3.6,0.0,-0.8000000000000003,0.12053668025532308,-0.992708874098054,16.0
2019,26,2.7,0.0,-0.8999999999999999,-3.216245299353273e-16,-1.0,16.900000000000002
2019,27,3.5,0.0,0.7999999999999998,-0.12053668025532283,-0.992708874098054,10.2
2019,28,3.7,0.0,0.20000000000000018,-0.23931566428755743,-0.9709418174260521,4.8
2019,29,3.2,0.0,-0.5,-0.3546048870425356,-0.9350162426854148,3.2
2019,30,4.1,0.0,0.8999999999999995,-0.46472317204376806,-0.8854560256532101,0.5
2019,31,3.7,0.0,-0.39999999999999947,-0.5680647467311556,-0.8229838658936565,0.7000000000000002
2019,32,3.7,0.0,0.0,-0.663122658240795,-0.7485107481711013,0.7000000000000002
2019,33,3.5,0.0,-0.20000000000000018,-0.7485107481711011,-0.6631226582407952,0.5999999999999996
2019,34,4.0,0.0,0.5,-0.8229838658936564,-0.5680647467311559,0.09999999999999964
2019,35,3.0,0.0,-1.0,-0.8854560256532096,-0.4647231720437691,1.0999999999999996
2019,36,3.6,0.0,0.6000000000000001,-0.9350162426854147,-0.3546048870425359,0.49999999999999956
2019,37,3.6,0.0,0.0,-0.970941817426052,-0.23931566428755774,0.49999999999999956
2019,38,3.8,0.0,0.19999999999999973,-0.992708874098054,-0.12053668025532357,0.2999999999999998
2019,39,3.7,2.0,-0.09999999999999964,-1.0,-1.8369701987210297e-16,0.2999999999999998
2019,40,4.0,0.0,0.2999999999999998,-0.992708874098054,0.1205366802553232,0.0
2019,41,5.6,2.2,1.5999999999999996,-0.9709418174260521,0.23931566428755738,-1.5999999999999996
2019,42,6.7,0.0,1.1000000000000005,-0.9350162426854148,0.35460488704253557,-1.1000000000000005
2019,43,4.9,0.0,-1.7999999999999998,-0.8854560256532101,0.464723172043768,1.7999999999999998
2019,44,5.1,0.0,0.1999999999999993,-0.822983865893657,0.5680647467311548,1.6000000000000005
2019,45,5.9,5.4,0.8000000000000007,-0.7485107481711011,0.6631226582407953,0.7999999999999998
2019,46,7.0,2.3,1.0999999999999996,-0.6631226582407956,0.7485107481711007,-0.2999999999999998
2019,47,9.4,14.5,2.4000000000000004,-0.5680647467311559,0.8229838658936564,-2.4000000000000004
2019,48,9.4,10.9,0.0,-0.4647231720437684,0.88545602565321,0.0
2019,49,17.0,11.5,7.6,-0.35460488704253595,0.9350162426854147,-7.6
2019,50,24.3,14.5,7.300000000000001,-0.2393156642875578,0.970941817426052,-7.300000000000001
2019,51,35.4,25.0,11.099999999999998,-0.12053668025532363,0.992708874098054,-11.099999999999998
2019,52,48.7,37.2,13.300000000000004,6.432490598706546e-16,1.0,-13.300000000000004
2019,53,48.7,37.2,0.0,0.12053668025532314,0.992708874098054,0.0
2020,1,55.1,50.0,6.399999999999999,0.12053668025532305,0.992708874098054,-6.399999999999999
2020,2,61.3,43.0,6.199999999999996,0.23931566428755774,0.970941817426052,-6.199999999999996
2020,3,48.1,41.4,-13.199999999999996,0.3546048870425356,0.9350162426854148,13.199999999999996
2020,4,46.5,55.9,-1.6000000000000014,0.4647231720437685,0.8854560256532099,14.799999999999997
2020,5,32.5,44.4,-14.0,0.5680647467311558,0.8229838658936564,28.799999999999997
2020,6,17.9,12.5,-14.600000000000001,0.6631226582407952,0.7485107481711011,43.4
2020,7,11.2,3.8,-6.699999999999999,0.7485107481711011,0.6631226582407953,50.099999999999994
2020,8,8.7,2.4,-2.5,0.8229838658936564,0.5680647467311558,52.599999999999994
2020,9,6.1,0.0,-2.5999999999999996,0.8854560256532098,0.4647231720437686,55.199999999999996
2020,10,4.1,0.0,-2.0,0.9350162426854148,0.35460488704253557,57.199999999999996
2020,11,3.5,0.0,-0.5999999999999996,0.970941817426052,0.23931566428755804,44.6
2020,12,4.4,0.0,0.9000000000000004,0.992708874098054,0.120536680255323,42.1
2020,13,4.3,0.0,-0.10000000000000053,1.0,-1.6081226496766366e-16,28.2
2020,14,16.35,19.4,12.05,0.992708874098054,-0.12053668025532288,1.5499999999999972
2020,15,20.700000000000003,20.7,4.350000000000001,0.9709418174260521,-0.2393156642875575,-4.350000000000001
2020,16,19.6,19.75,-1.1000000000000014,0.9350162426854148,-0.35460488704253545,1.1000000000000014
2020,17,4.75,15.65,-14.850000000000001,0.8854560256532099,-0.4647231720437685,15.950000000000003
2020,18,12.8,11.15,8.05,0.8229838658936565,-0.5680647467311557,7.900000000000002
2020,19,10.2,7.35,-2.6000000000000014,0.7485107481711013,-0.6631226582407951,10.500000000000004
2020,20,7.15,2.4000000000000004,-3.049999999999999,0.6631226582407952,-0.7485107481711012,13.550000000000002
2020,21,5.85,4.55,-1.3000000000000007,0.5680647467311558,-0.8229838658936564,14.850000000000003
2020,22,5.0,5.3,-0.8499999999999996,0.46472317204376906,-0.8854560256532096,15.700000000000003
2020,23,4.5,0.0,-0.5,0.35460488704253584,-0.9350162426854147,16.200000000000003
2020,24,4.15,1.15,-0.34999999999999964,0.23931566428755768,-0.970941817426052,15.450000000000001
2020,25,4.35,0.0,0.1999999999999993,0.12053668025532308,-0.992708874098054,8.450000000000001
2020,26,3.7,0.0,-0.6499999999999995,-3.216245299353273e-16,-1.0,9.100000000000001
2020,27,4.05,0.0,0.34999999999999964,-0.12053668025532283,-0.992708874098054,6.1499999999999995
2020,28,3.6,0.0,-0.44999999999999973,-0.23931566428755743,-0.9709418174260521,3.5500000000000003
2020,29,3.75,0.0,0.1499999999999999,-0.3546048870425356,-0.9350162426854148,2.0999999999999996
2020,30,3.8499999999999996,1.35,0.09999999999999964,-0.46472317204376806,-0.8854560256532101,1.1500000000000004
2020,31,3.95,0.0,0.10000000000000053,-0.5680647467311556,-0.8229838658936565,0.5499999999999998
2020,32,3.1,0.0,-0.8500000000000001,-0.663122658240795,-0.7485107481711013,1.2499999999999996
2020,33,3.3,0.0,0.19999999999999973,-0.7485107481711011,-0.6631226582407952,1.0499999999999998
2020,34,3.35,0.0,0.050000000000000266,-0.8229838658936564,-0.5680647467311559,0.6999999999999997
2020,35,2.75,0.0,-0.6000000000000001,-0.8854560256532096,-0.4647231720437691,1.2999999999999998
2020,36,4.433333333333334,0.7333333333333334,1.6833333333333336,-0.9350162426854147,-0.3546048870425359,-0.4833333333333334
2020,37,5.033333333333333,0.6666666666666666,0.5999999999999996,-0.970941817426052,-0.23931566428755774,-0.5999999999999996
2020,38,4.933333333333334,0.7333333333333334,-0.09999999999999964,-0.992708874098054,-0.12053668025532357,0.09999999999999964
2020,39,4.433333333333334,1.4000000000000001,-0.5,-1.0,-1.8369701987210297e-16,0.5999999999999996
2020,40,3.8666666666666667,0.0,-0.5666666666666669,-0.992708874098054,0.1205366802553232,1.1666666666666665
2020,41,4.8,0.7333333333333334,0.9333333333333331,-0.9709418174260521,0.23931566428755738,0.2333333333333334
2020,42,4.6000000000000005,0.0,-0.1999999999999993,-0.9350162426854148,0.35460488704253557,0.4333333333333327
2020,43,4.7,1.5,0.09999999999999964,-0.8854560256532101,0.464723172043768,0.33333333333333304
2020,44,5.233333333333333,0.6666666666666666,0.5333333333333332,-0.822983865893657,0.5680647467311548,-0.20000000000000018
2020,45,6.166666666666667,3.0333333333333337,0.9333333333333336,-0.7485107481711011,0.6631226582407953,-0.9333333333333336
2020,46,7.533333333333334,3.9,1.3666666666666671,-0.6631226582407956,0.7485107481711007,-1.3666666666666671
2020,47,9.733333333333333,8.466666666666667,2.1999999999999984,-0.5680647467311559,0.8229838658936564,-2.1999999999999984
2020,48,12.966666666666667,15.533333333333333,3.2333333333333343,-0.4647231720437684,0.88545602565321,-3.2333333333333343
2020,49,24.133333333333336,15.800000000000002,11.16666666666667,-0.35460488704253595,0.9350162426854147,-11.16666666666667
2020,50,36.43333333333333,24.03333333333333,12.299999999999994,-0.2393156642875578,0.970941817426052,-12.299999999999994
2020,51,53.43333333333333,44.166666666666664,17.0,-0.12053668025532363,0.992708874098054,-17.0
2020,52,67.5,51.13333333333333,14.06666666666667,6.432490598706546e-16,1.0,-14.06666666666667
2020,53,67.5,51.13333333333333,0.0,0.12053668025532314,0.992708874098054,0.0
2021,1,73.55,60.45,6.049999999999997,0.12053668025532305,0.992708874098054,-6.049999999999997
2021,2,63.15,52.55,-10.399999999999999,0.23931566428755774,0.970941817426052,10.399999999999999
2021,3,47.1,46.8,-16.049999999999997,0.3546048870425356,0.9350162426854148,26.449999999999996
2021,4,32.8,36.55,-14.300000000000004,0.4647231720437685,0.8854560256532099,40.75
2021,5,26.9,38.35,-5.899999999999999,0.5680647467311558,0.8229838658936564,46.65
2021,6,23.25,26.650000000000002,-3.6499999999999986,0.6631226582407952,0.7485107481711011,50.3
2021,7,21.15,32.95,-2.1000000000000014,0.7485107481711011,0.6631226582407953,52.4
2021,8,15.850000000000001,22.0,-5.299999999999997,0.8229838658936564,0.5680647467311558,57.699999999999996
2021,9,13.25,20.05,-2.6000000000000014,0.8854560256532098,0.4647231720437686,60.3
2021,10,11.75,15.45,-1.5,0.9350162426854148,0.35460488704253557,51.4
2021,11,10.399999999999999,20.75,-1.3500000000000014,0.970941817426052,0.23931566428755804,36.7
2021,12,13.9,11.45,3.5000000000000018,0.992708874098054,0.120536680255323,18.9
2021,13,14.899999999999999,20.65,0.9999999999999982,1.0,-1.6081226496766366e-16,12.0
2021,14,16.35,19.4,1.4500000000000028,0.992708874098054,-0.12053668025532288,6.899999999999999
2021,15,20.700000000000003,20.7,4.350000000000001,0.9709418174260521,-0.2393156642875575,0.44999999999999574
2021,16,19.6,19.75,-1.1000000000000014,0.9350162426854148,-0.35460488704253545,1.1000000000000014
2021,17,4.75,15.65,-14.850000000000001,0.8854560256532099,-0.4647231720437685,15.950000000000003
2021,18,12.8,11.15,8.05,0.8229838658936565,-0.5680647467311557,7.900000000000002
2021,19,10.2,7.35,-2.6000000000000014,0.7485107481711013,-0.6631226582407951,10.500000000000004
2021,20,7.15,2.4000000000000004,-3.049999999999999,0.6631226582407952,-0.7485107481711012,13.550000000000002
2021,21,5.85,4.55,-1.3000000000000007,0.5680647467311558,-0.8229838658936564,14.850000000000003
2021,22,5.0,5.3,-0.8499999999999996,0.46472317204376906,-0.8854560256532096,15.700000000000003
2021,23,4.5,0.0,-0.5,0.35460488704253584,-0.9350162426854147,16.200000000000003
2021,24,4.15,1.15,-0.34999999999999964,0.23931566428755768,-0.970941817426052,15.450000000000001
2021,25,4.35,0.0,0.1999999999999993,0.12053668025532308,-0.992708874098054,8.450000000000001
2021,26,3.7,0.0,-0.6499999999999995,-3.216245299353273e-16,-1.0,9.100000000000001
2021,27,4.05,0.0,0.34999999999999964,-0.12053668025532283,-0.992708874098054,6.1499999999999995
2021,28,3.6,0.0,-0.44999999999999973,-0.23931566428755743,-0.9709418174260521,3.5500000000000003
2021,29,3.75,0.0,0.1499999999999999,-0.3546048870425356,-0.9350162426854148,2.0999999999999996
2021,30,3.8499999999999996,1.35,0.09999999999999964,-0.46472317204376806,-0.8854560256532101,1.1500000000000004
2021,31,3.95,0.0,0.10000000000000053,-0.5680647467311556,-0.8229838658936565,0.5499999999999998
2021,32,3.1,0.0,-0.8500000000000001,-0.663122658240795,-0.7485107481711013,1.2499999999999996
2021,33,3.3,0.0,0.19999999999999973,-0.7485107481711011,-0.6631226582407952,1.0499999999999998
2021,34,3.35,0.0,0.050000000000000266,-0.8229838658936564,-0.5680647467311559,0.6999999999999997
2021,35,2.75,0.0,-0.6000000000000001,-0.8854560256532096,-0.4647231720437691,1.2999999999999998
2021,36,4.433333333333334,0.7333333333333334,1.6833333333333336,-0.9350162426854147,-0.3546048870425359,-0.4833333333333334
2021,37,5.033333333333333,0.6666666666666666,0.5999999999999996,-0.970941817426052,-0.23931566428755774,-0.5999999999999996
2021,38,4.933333333333334,0.7333333333333334,-0.09999999999999964,-0.992708874098054,-0.12053668025532357,0.09999999999999964
2021,39,4.433333333333334,1.4000000000000001,-0.5,-1.0,-1.8369701987210297e-16,0.5999999999999996
2021,40,3.8666666666666667,0.0,-0.5666666666666669,-0.992708874098054,0.1205366802553232,1.1666666666666665
2021,41,4.8,0.7333333333333334,0.9333333333333331,-0.9709418174260521,0.23931566428755738,0.2333333333333334
2021,42,4.6000000000000005,0.0,-0.1999999999999993,-0.9350162426854148,0.35460488704253557,0.4333333333333327
2021,43,4.7,1.5,0.09999999999999964,-0.8854560256532101,0.464723172043768,0.33333333333333304
2021,44,5.233333333333333,0.6666666666666666,0.5333333333333332,-0.822983865893657,0.5680647467311548,-0.20000000000000018
2021,45,6.166666666666667,3.0333333333333337,0.9333333333333336,-0.7485107481711011,0.6631226582407953,-0.9333333333333336
2021,46,7.533333333333334,3.9,1.3666666666666671,-0.6631226582407956,0.7485107481711007,-1.3666666666666671
2021,47,9.733333333333333,8.466666666666667,2.1999999999999984,-0.5680647467311559,0.8229838658936564,-2.1999999999999984
2021,48,12.966666666666667,15.533333333333333,3.2333333333333343,-0.4647231720437684,0.88545602565321,-3.2333333333333343
2021,49,24.133333333333336,15.800000000000002,11.16666666666667,-0.35460488704253595,0.9350162426854147,-11.16666666666667
2021,50,36.43333333333333,24.03333333333333,12.299999999999994,-0.2393156642875578,0.970941817426052,-12.299999999999994
2021,51,53.43333333333333,44.166666666666664,17.0,-0.12053668025532363,0.992708874098054,-17.0
2021,52,67.5,51.13333333333333,14.06666666666667,6.432490598706546e-16,1.0,-14.06666666666667
2021,53,67.5,51.13333333333333,0.0,0.12053668025532314,0.992708874098054,0.0
2022,1,73.55,60.45,6.049999999999997,0.12053668025532305,0.992708874098054,-6.049999999999997
2022,2,63.15,52.55,-10.399999999999999,0.23931566428755774,0.970941817426052,10.399999999999999
2022,3,47.1,46.8,-16.049999999999997,0.3546048870425356,0.9350162426854148,26.449999999999996
2022,4,32.8,36.55,-14.300000000000004,0.4647231720437685,0.8854560256532099,40.75
2022,5,26.9,38.35,-5.899999999999999,0.5680647467311558,0.8229838658936564,46.65
2022,6,23.25,26.650000000000002,-3.6499999999999986,0.6631226582407952,0.7485107481711011,50.3
2022,7,21.15,32.95,-2.1000000000000014,0.7485107481711011,0.6631226582407953,52.4
2022,8,15.850000000000001,22.0,-5.299999999999997,0.8229838658936564,0.5680647467311558,57.699999999999996
2022,9,13.25,20.05,-2.6000000000000014,0.8854560256532098,0.4647231720437686,60.3
2022,10,11.75,15.45,-1.5,0.9350162426854148,0.35460488704253557,51.4
2022,11,10.399999999999999,20.75,-1.3500000000000014,0.970941817426052,0.23931566428755804,36.7
2022,12,13.9,11.45,3.5000000000000018,0.992708874098054,0.120536680255323,18.9
2022,13,14.899999999999999,20.65,0.9999999999999982,1.0,-1.6081226496766366e-16,12.0
2022,14,16.35,19.4,1.4500000000000028,0.992708874098054,-0.12053668025532288,6.899999999999999
2022,15,20.700000000000003,20.7,4.350000000000001,0.9709418174260521,-0.2393156642875575,0.44999999999999574
2022,16,19.6,19.75,-1.1000000000000014,0.9350162426854148,-0.35460488704253545,1.1000000000000014
2022,17,4.75,15.65,-14.850000000000001,0.8854560256532099,-0.4647231720437685,15.950000000000003
2022,18,12.8,11.15,8.05,0.8229838658936565,-0.5680647467311557,7.900000000000002
2022,19,10.2,7.35,-2.6000000000000014,0.7485107481711013,-0.6631226582407951,10.500000000000004
2022,20,7.15,2.4000000000000004,-3.049999999999999,0.6631226582407952,-0.7485107481711012,13.550000000000002
2022,21,5.85,4.55,-1.3000000000000007,0.5680647467311558,-0.8229838658936564,14.850000000000003
2022,22,5.0,5.3,-0.8499999999999996,0.46472317204376906,-0.8854560256532096,15.700000000000003
2022,23,1.5,0.0,-3.5,0.35460488704253584,-0.9350162426854147,19.200000000000003
2022,24,2.0,0.0,0.5,0.23931566428755768,-0.970941817426052,17.6
2022,25,2.3,0.0,0.2999999999999998,0.12053668025532308,-0.992708874098054,10.5
2022,26,2.2,0.0,-0.09999999999999964,-3.216245299353273e-16,-1.0,10.600000000000001
2022,27,2.9,0.0,0.6999999999999997,-0.12053668025532283,-0.992708874098054,7.299999999999999
2022,28,3.3,8.7,0.3999999999999999,-0.23931566428755743,-0.9709418174260521,3.8500000000000005
2022,29,3.8,13.0,0.5,-0.3546048870425356,-0.9350162426854148,2.05
2022,30,4.7,3.7,0.9000000000000004,-0.46472317204376806,-0.8854560256532101,0.2999999999999998
2022,31,4.8,4.5,0.09999999999999964,-0.5680647467311556,-0.8229838658936565,-0.09999999999999964
2022,32,4.1,3.6,-0.7000000000000002,-0.663122658240795,-0.7485107481711013,0.7000000000000002
2022,33,4.1,3.4,0.0,-0.7485107481711011,-0.6631226582407952,0.7000000000000002
2022,34,5.7,0.0,1.6000000000000005,-0.8229838658936564,-0.5680647467311559,-0.9000000000000004
2022,35,4.9,8.7,-0.7999999999999998,-0.8854560256532096,-0.4647231720437691,0.7999999999999998
2022,36,5.2,0.0,0.2999999999999998,-0.9350162426854147,-0.3546048870425359,0.5
2022,37,5.2,6.3,0.0,-0.970941817426052,-0.23931566428755774,0.5
2022,38,5.8,0.0,0.5999999999999996,-0.992708874098054,-0.12053668025532357,-0.09999999999999964
2022,39,5.9,6.9,0.10000000000000053,-1.0,-1.8369701987210297e-16,-0.10000000000000053
2022,40,9.1,0.0,3.1999999999999993,-0.992708874098054,0.1205366802553232,-3.1999999999999993
2022,41,7.5,4.8,-1.5999999999999996,-0.9709418174260521,0.23931566428755738,1.5999999999999996
2022,42,8.8,0.0,1.3000000000000007,-0.9350162426854148,0.35460488704253557,0.29999999999999893
2022,43,11.0,6.1,2.1999999999999993,-0.8854560256532101,0.464723172043768,-1.9000000000000004
2022,44,14.3,0.0,3.3000000000000007,-0.822983865893657,0.5680647467311548,-3.3000000000000007
2022,45,19.6,8.7,5.300000000000001,-0.7485107481711011,0.6631226582407953,-5.300000000000001
2022,46,17.5,10.2,-2.1000000000000014,-0.6631226582407956,0.7485107481711007,2.1000000000000014
2022,47,18.2,24.5,0.6999999999999993,-0.5680647467311559,0.8229838658936564,1.4000000000000021
2022,48,16.5,20.5,-1.6999999999999993,-0.4647231720437684,0.88545602565321,3.1000000000000014
2022,49,24.3,19.3,7.800000000000001,-0.35460488704253595,0.9350162426854147,-4.699999999999999
2022,50,36.7,12.2,12.400000000000002,-0.2393156642875578,0.970941817426052,-12.400000000000002
2022,51,39.3,30.6,2.5999999999999943,-0.12053668025532363,0.992708874098054,-2.5999999999999943
2022,52,56.4,51.7,17.1,6.432490598706546e-16,1.0,-17.1
2022,53,63.1,44.3,6.700000000000003,0.12053668025532314,0.992708874098054,-6.700000000000003
2023,1,59.7,37.8,-3.3999999999999986,0.12053668025532305,0.992708874098054,3.3999999999999986
2023,2,50.3,29.2,-9.400000000000006,0.23931566428755774,0.970941817426052,12.800000000000004
2023,3,37.6,9.4,-12.699999999999996,0.3546048870425356,0.9350162426854148,25.5
2023,4,36.7,15.4,-0.8999999999999986,0.4647231720437685,0.8854560256532099,26.4
2023,5,22.6,2.1,-14.100000000000001,0.5680647467311558,0.8229838658936564,40.5
2023,6,19.2,11.8,-3.400000000000002,0.6631226582407952,0.7485107481711011,43.900000000000006
2023,7,21.2,2.3,2.0,0.7485107481711011,0.6631226582407953,41.900000000000006
2023,8,15.8,6.3,-5.399999999999999,0.8229838658936564,0.5680647467311558,47.3
2023,9,21.1,11.9,5.300000000000001,0.8854560256532098,0.4647231720437686,38.6
2023,10,15.6,10.0,-5.500000000000002,0.9350162426854148,0.35460488704253557,34.699999999999996
2023,11,11.7,2.3,-3.9000000000000004,0.970941817426052,0.23931566428755804,25.900000000000002
2023,12,20.4,6.1,8.7,0.992708874098054,0.120536680255323,16.300000000000004
2023,13,17.2,14.3,-3.1999999999999993,1.0,-1.6081226496766366e-16,5.400000000000002
2023,14,16.4,2.2,-0.8000000000000007,0.992708874098054,-0.12053668025532288,4.800000000000001
2023,15,20.0,5.9,3.6000000000000014,0.9709418174260521,-0.2393156642875575,1.1999999999999993
2023,16,20.6,11.9,0.6000000000000014,0.9350162426854148,-0.35460488704253545,0.5
2023,17,24.7,9.6,4.099999999999998,0.8854560256532099,-0.4647231720437685,-3.599999999999998
2023,18,26.0,19.0,1.3000000000000007,0.8229838658936565,-0.5680647467311557,-1.3000000000000007
2023,19,24.2,7.1,-1.8000000000000007,0.7485107481711013,-0.6631226582407951,1.8000000000000007
2023,20,28.1,24.4,3.900000000000002,0.6631226582407952,-0.7485107481711012,-2.1000000000000014
2023,21,27.8,26.1,-0.3000000000000007,0.5680647467311558,-0.8229838658936564,0.3000000000000007
2023,22,27.5,30.0,-0.3000000000000007,0.46472317204376906,-0.8854560256532096,0.6000000000000014
2023,23,21.4,14.3,-6.100000000000001,0.35460488704253584,-0.9350162426854147,6.700000000000003
2023,24,18.3,11.1,-3.099999999999998,0.23931566428755768,-0.970941817426052,9.8
2023,25,13.4,0.0,-4.9,0.12053668025532308,-0.992708874098054,14.700000000000001
2023,26,17.0,2.8,3.5999999999999996,-3.216245299353273e-16,-1.0,11.100000000000001
2023,27,15.5,8.3,-1.5,-0.12053668025532283,-0.992708874098054,12.600000000000001
2023,28,14.8,2.0,-0.6999999999999993,-0.23931566428755743,-0.9709418174260521,13.3
2023,29,17.6,5.9,2.8000000000000007,-0.3546048870425356,-0.9350162426854148,10.2
2023,30,18.0,15.4,0.3999999999999986,-0.46472317204376806,-0.8854560256532101,9.5
2023,31,18.9,4.2,0.8999999999999986,-0.5680647467311556,-0.8229838658936565,2.5
2023,32,18.1,4.8,-0.7999999999999972,-0.663122658240795,-0.7485107481711013,0.7999999999999972
2023,33,11.6,0.0,-6.500000000000002,-0.7485107481711011,-0.6631226582407952,7.299999999999999
2023,34,11.6,0.0,0.0,-0.8229838658936564,-0.5680647467311559,7.299999999999999
2023,35,10.3,3.8,-1.299999999999999,-0.8854560256532096,-0.4647231720437691,8.599999999999998
2023,36,11.0,5.4,0.6999999999999993,-0.9350162426854147,-0.3546048870425359,7.899999999999999
2023,37,11.7,5.6,0.6999999999999993,-0.970941817426052,-0.23931566428755774,7.199999999999999
2023,38,14.9,10.5,3.200000000000001,-0.992708874098054,-0.12053668025532357,3.9999999999999982
2023,39,16.1,18.8,1.200000000000001,-1.0,-1.8369701987210297e-16,2.799999999999997
2023,40,16.6,11.8,0.5,-0.992708874098054,0.1205366802553232,1.5
2023,41,19.1,28.0,2.5,-0.9709418174260521,0.23931566428755738,-2.5
2023,42,18.5,8.9,-0.6000000000000014,-0.9350162426854148,0.35460488704253557,0.6000000000000014
2023,43,30.3,22.0,11.8,-0.8854560256532101,0.464723172043768,-11.2
2023,44,38.3,21.3,7.9999999999999964,-0.822983865893657,0.5680647467311548,-7.9999999999999964
2023,45,34.9,23.7,-3.3999999999999986,-0.7485107481711011,0.6631226582407953,3.3999999999999986
2023,46,39.1,25.0,4.200000000000003,-0.6631226582407956,0.7485107481711007,-0.8000000000000043
2023,47,53.2,25.6,14.100000000000001,-0.5680647467311559,0.8229838658936564,-14.100000000000001
2023,48,61.6,46.8,8.399999999999999,-0.4647231720437684,0.88545602565321,-8.399999999999999
2023,49,78.9,54.3,17.300000000000004,-0.35460488704253595,0.9350162426854147,-17.300000000000004
2023,50,69.7,59.2,-9.200000000000003,-0.2393156642875578,0.970941817426052,9.200000000000003
2023,51,55.9,42.6,-13.800000000000004,-0.12053668025532363,0.992708874098054,23.000000000000007
2023,52,64.2,48.5,8.300000000000004,6.432490598706546e-16,1.0,14.700000000000003
2023,53,64.2,48.5,0.0,0.12053668025532314,0.992708874098054,14.700000000000003
2024,1,69.9,39.849999999999994,5.700000000000003,0.12053668025532305,0.992708874098054,9.0
2024,2,67.4,38.2,-2.5,0.23931566428755774,0.970941817426052,11.5
2024,3,55.0,31.75,-12.400000000000006,0.3546048870425356,0.9350162426854148,23.900000000000006
2024,4,45.7,28.4,-9.299999999999997,0.4647231720437685,0.8854560256532099,33.2
2024,5,41.9,26.25,-3.8000000000000043,0.5680647467311558,0.8229838658936564,28.000000000000007
2024,6,40.4,17.95,-1.5,0.6631226582407952,0.7485107481711011,29.500000000000007
2024,7,35.6,21.450000000000003,-4.799999999999997,0.7485107481711011,0.6631226582407953,34.300000000000004
2024,8,25.7,10.75,-9.900000000000002,0.8229838658936564,0.5680647467311558,44.2
2024,9,21.4,9.0,-4.300000000000001,0.8854560256532098,0.4647231720437686,48.50000000000001
2024,10,16.9,7.1499999999999995,-4.5,0.9350162426854148,0.35460488704253557,50.50000000000001
2024,11,18.4,4.1000000000000005,1.5,0.970941817426052,0.23931566428755804,36.6
2024,12,15.7,5.95,-2.6999999999999993,0.992708874098054,0.120536680255323,30.000000000000004
2024,13,16.4,4.300000000000001,0.6999999999999993,1.0,-1.6081226496766366e-16,25.5
2024,14,17.1,4.25,0.7000000000000028,0.992708874098054,-0.12053668025532288,23.299999999999997
2024,15,14.5,5.3,-2.6000000000000014,0.9709418174260521,-0.2393156642875575,21.1
2024,16,13.5,5.65,-1.0,0.9350162426854148,-0.35460488704253545,12.2
2024,17,11.8,1.2,-1.6999999999999993,0.8854560256532099,-0.4647231720437685,9.599999999999998
2024,18,9.3,1.15,-2.5,0.8229838658936565,-0.5680647467311557,9.099999999999998
2024,19,8.6,2.55,-0.7000000000000011,0.7485107481711013,-0.6631226582407951,9.799999999999999
2024,20,9.6,3.0,1.0,0.6631226582407952,-0.7485107481711012,7.500000000000002
2024,21,8.6,0.0,-1.0,0.5680647467311558,-0.8229838658936564,8.500000000000002
2024,22,8.1,0.2,-0.5,0.46472317204376906,-0.8854560256532096,9.000000000000002
2024,23,6.5,0.25,-1.5999999999999996,0.35460488704253584,-0.9350162426854147,8.0
2024,24,6.5,0.0,0.0,0.23931566428755768,-0.970941817426052,7.0
2024,25,7.3,0.0,0.7999999999999998,0.12053668025532308,-0.992708874098054,4.500000000000001
2024,26,7.9,0.45,0.6000000000000005,-3.216245299353273e-16,-1.0,1.6999999999999993
2024,27,7.3,1.1,-0.6000000000000005,-0.12053668025532283,-0.992708874098054,2.3
2024,28,7.7,0.3,0.40000000000000036,-0.23931566428755743,-0.9709418174260521,1.8999999999999995
2024,29,9.4,0.55,1.7000000000000002,-0.3546048870425356,-0.9350162426854148,-0.8000000000000007
2024,30,11.1,1.05,1.6999999999999993,-0.46472317204376806,-0.8854560256532101,-1.6999999999999993
2024,31,13.3,1.2,2.200000000000001,-0.5680647467311556,-0.8229838658936565,-2.200000000000001
2024,32,14.7,1.05,1.3999999999999986,-0.663122658240795,-0.7485107481711013,-1.3999999999999986
2024,33,16.1,0.65,1.4000000000000021,-0.7485107481711011,-0.6631226582407952,-1.4000000000000021
2024,34,13.1,0.45,-3.0000000000000018,-0.8229838658936564,-0.5680647467311559,3.0000000000000018
2024,35,10.0,1.45,-3.0999999999999996,-0.8854560256532096,-0.4647231720437691,6.100000000000001
2024,36,7.5,1.2000000000000002,-2.5,-0.9350162426854147,-0.3546048870425359,8.600000000000001
2024,37,6.1,0.15,-1.4000000000000004,-0.970941817426052,-0.23931566428755774,10.000000000000002
2024,38,7.3,4.1,1.2000000000000002,-0.992708874098054,-0.12053668025532357,8.8
2024,39,6.3,0.8,-1.0,-1.0,-1.8369701987210297e-16,9.8
2024,40,5.0,0.15,-1.2999999999999998,-0.992708874098054,0.1205366802553232,11.100000000000001
2024,41,5.6,2.25,0.5999999999999996,-0.9709418174260521,0.23931566428755738,10.500000000000002
2024,42,5.0,0.7,-0.5999999999999996,-0.9350162426854148,0.35460488704253557,8.1
2024,43,5.1,2.25,0.09999999999999964,-0.8854560256532101,0.464723172043768,4.9
2024,44,4.6,0.4,-0.5,-0.822983865893657,0.5680647467311548,2.9000000000000004
2024,45,4.7,1.25,0.10000000000000053,-0.7485107481711011,0.6631226582407953,2.5999999999999996
2024,46,5.8,2.5999999999999996,1.0999999999999996,-0.6631226582407956,0.7485107481711007,1.5
2024,47,6.2,1.7999999999999998,0.40000000000000036,-0.5680647467311559,0.8229838658936564,0.09999999999999964
2024,48,7.1,3.7,0.8999999999999995,-0.4647231720437684,0.88545602565321,-0.8999999999999995
2024,49,9.7,8.6,2.5999999999999996,-0.35460488704253595,0.9350162426854147,-2.5999999999999996
2024,50,18.2,15.4,8.5,-0.2393156642875578,0.970941817426052,-8.5
2024,51,37.6,32.5,19.400000000000002,-0.12053668025532363,0.992708874098054,-19.400000000000002
2024,52,93.6,54.5,55.99999999999999,6.432490598706546e-16,1.0,-55.99999999999999
2024,53,93.6,54.35,0.0,0.12053668025532314,0.992708874098054,0.0
2025,1,129.1,53.05,35.5,0.12053668025532305,0.992708874098054,-35.5
2025,2,110.0,43.0,-19.099999999999994,0.23931566428755774,0.970941817426052,19.099999999999994
2025,3,71.0,34.6,-39.0,0.3546048870425356,0.9350162426854148,58.099999999999994
2025,4,46.4,27.75,-24.6,0.4647231720437685,0.8854560256532099,82.69999999999999
2025,5,36.5,22.700000000000003,-9.899999999999999,0.5680647467311558,0.8229838658936564,92.6
2025,6,18.0,15.5,-18.5,0.6631226582407952,0.7485107481711011,111.1
2025,7,14.0,12.7,-4.0,0.7485107481711011,0.6631226582407953,115.1
2025,8,12.8,11.55,-1.1999999999999993,0.8229838658936564,0.5680647467311558,116.3
2025,9,12.7,12.55,-0.10000000000000142,0.8854560256532098,0.4647231720437686,116.39999999999999
2025,10,10.9,8.55,-1.799999999999999,0.9350162426854148,0.35460488704253557,99.1
2025,11,12.3,17.95,1.4000000000000004,0.970941817426052,0.23931566428755804,58.7
2025,12,12.5,9.9,0.1999999999999993,0.992708874098054,0.120536680255323,33.9
2025,13,15.3,14.1,2.8000000000000007,1.0,-1.6081226496766366e-16,21.2
2025,14,14.3,19.6,-1.0,0.992708874098054,-0.12053668025532288,3.6999999999999993
2025,15,17.9,14.7,3.599999999999998,0.9709418174260521,-0.2393156642875575,-2.599999999999998
2025,16,18.9,15.05,1.0,0.9350162426854148,-0.35460488704253545,-1.0
2025,17,15.3,11.4,-3.599999999999998,0.8854560256532099,-0.4647231720437685,3.599999999999998
2025,18,11.9,10.55,-3.4000000000000004,0.8229838658936565,-0.5680647467311557,6.999999999999998
2025,19,12.4,8.75,0.5,0.7485107481711013,-0.6631226582407951,6.499999999999998
2025,20,13.9,9.850000000000001,1.5,0.6631226582407952,-0.7485107481711012,4.999999999999998
2025,21,8.7,3.1,-5.200000000000001,0.5680647467311558,-0.8229838658936564,10.2
2025,22,8.5,2.8499999999999996,-0.1999999999999993,0.46472317204376906,-0.8854560256532096,10.399999999999999
2025,23,8.2,3.2,-0.3000000000000007,0.35460488704253584,-0.9350162426854147,10.7
2025,24,6.8,2.1,-1.3999999999999995,0.23931566428755768,-0.970941817426052,12.099999999999998
2025,25,6.2,1.3,-0.5999999999999996,0.12053668025532308,-0.992708874098054,9.100000000000001
2025,26,4.7,0.0,-1.5,-3.216245299353273e-16,-1.0,9.2
2025,27,6.0,2.1,1.2999999999999998,-0.12053668025532283,-0.992708874098054,7.9
2025,28,6.1,0.35,0.09999999999999964,-0.23931566428755743,-0.9709418174260521,7.800000000000001
2025,29,6.0,0.35,-0.09999999999999964,-0.3546048870425356,-0.9350162426854148,2.6999999999999993
2025,30,5.6,0.95,-0.40000000000000036,-0.46472317204376806,-0.8854560256532101,2.9000000000000004
2025,31,7.6,1.2,2.0,-0.5680647467311556,-0.8229838658936565,0.5999999999999996
2025,32,7.3,1.45,-0.2999999999999998,-0.663122658240795,-0.7485107481711013,0.2999999999999998
2025,33,7.1,0.3,-0.20000000000000018,-0.7485107481711011,-0.6631226582407952,0.5
2025,34,6.9,1.9500000000000002,-0.1999999999999993,-0.8229838658936564,-0.5680647467311559,0.6999999999999993
2025,35,8.3,0.9,1.4000000000000004,-0.8854560256532096,-0.4647231720437691,-0.7000000000000011
2025,36,8.533333333333333,1.45,0.2333333333333325,-0.9350162426854147,-0.3546048870425359,-0.2333333333333325
2025,37,8.766666666666667,1.4,0.23333333333333428,-0.970941817426052,-0.23931566428755774,-0.23333333333333428
2025,38,9.0,3.45,0.2333333333333325,-0.992708874098054,-0.12053668025532357,-0.2333333333333325
2025,39,9.233333333333334,2.5,0.23333333333333428,-1.0,-1.8369701987210297e-16,-0.23333333333333428
2025,40,9.466666666666667,3.4,0.2333333333333325,-0.992708874098054,0.1205366802553232,-0.2333333333333325
2025,41,9.700000000000001,4.65,0.23333333333333428,-0.9709418174260521,0.23931566428755738,-0.23333333333333428
2025,42,9.933333333333334,6.7,0.2333333333333325,-0.9350162426854148,0.35460488704253557,-0.2333333333333325
2025,43,10.166666666666668,9.35,0.23333333333333428,-0.8854560256532101,0.464723172043768,-0.23333333333333428
2025,44,10.4,11.5,0.2333333333333325,-0.822983865893657,0.5680647467311548,-0.2333333333333325
2025,45,10.633333333333335,28.4,0.23333333333333428,-0.7485107481711011,0.6631226582407953,-0.23333333333333428
2025,46,10.866666666666667,26.549999999999997,0.2333333333333325,-0.6631226582407956,0.7485107481711007,-0.2333333333333325
2025,47,11.100000000000001,38.55,0.23333333333333428,-0.5680647467311559,0.8229838658936564,-0.23333333333333428
2025,37,11.333333333333334,1.4,0.2333333333333325,-0.970941817426052,-0.23931566428755774,-0.2333333333333325
2025,38,11.566666666666666,3.4666666666666672,0.2333333333333325,-0.992708874098054,-0.12053668025532357,-0.2333333333333325
2025,43,11.8,9.35,0.23333333333333428,-0.8854560256532101,0.464723172043768,-0.23333333333333428
2025,44,23.25,11.5,11.45,-0.822983865893657,0.5680647467311548,-11.45
2025,45,34.7,28.4,11.450000000000003,-0.7485107481711011,0.6631226582407953,-11.450000000000003
2025,46,50.70000000000001,26.549999999999997,16.000000000000007,-0.6631226582407956,0.7485107481711007,-16.000000000000007
2025,47,60.0,38.55,9.29999999999999,-0.5680647467311559,0.8229838658936564,-9.29999999999999
2025,48,63.0,41.099999999999994,3.0,-0.4647231720437684,0.88545602565321,-3.0
2025,49,59.3,32.400000000000006,-3.700000000000003,-0.35460488704253595,0.9350162426854147,3.700000000000003
2025,50,50.5,33.15,-8.799999999999997,-0.2393156642875578,0.970941817426052,12.5
2025,51,39.0,44.9,-11.5,-0.12053668025532363,0.992708874098054,24.0
2026,1,37.8,31.55,-1.2000000000000028,0.12053668025532305,0.992708874098054,25.200000000000003
2026,2,44.2,32.45,6.400000000000006,0.23931566428755774,0.970941817426052,18.799999999999997
2026,3,44.1,38.0,-0.10000000000000142,0.3546048870425356,0.9350162426854148,18.9
